src_ip,src_port,dst_ip,dst_port,handshake_rtt,data_rtt,packets,bytes,throughput,duplicate
12.11.16.172,64565,17.19.125.74,443,0.000000,0.000000,4,290,4.83,2
12.11.16.172,64565,17.19.125.74,443,0.000000,0.000000,8,526,8.77,2
12.11.16.172,64565,17.19.125.74,443,0.000000,0.000000,10,644,10.73,2
12.11.16.172,64565,17.19.125.74,443,0.000000,0.000000,12,762,12.70,2
12.11.16.172,64582,172.211.17.96,80,0.055961,0.375018,16,2582,43.03,2
